MovieID,FavoriteCount,PlayCount,FileSize,ChannelID,Images,Name/Description,Class,Actor,CreateTime
5123328,83,2048,0,14,"['http://qq.lxlipic.com/PIC/2020/14/0206/5e1b42406fc9b896ac82fa25.jpg', 'http://qq.lxlipic.com/PIC/2020/14/0206/5e1b42406fc9b896ac82fa25m.jpg', 'http://qq.lxlipic.com']","['💚趁閨蜜不在偷情她男友💚露臉猛插抽送❗️太用力啦...小穴整個都是肉棒的形狀', '']",[20],[],2020/02/06
5123327,80,2252,0,14,"['http://qq.lxlipic.com/PIC/2020/14/0206/5e1b40d4483bfd3dacd2cae2.jpg', 'http://qq.lxlipic.com/PIC/2020/14/0206/5e1b40d4483bfd3dacd2cae2m.jpg', 'http://qq.lxlipic.com']","['💚趁閨蜜不在偷情她💚趁閨蜜不在偷情她男友💚漂亮臉蛋全裸視角❗️閨蜜男友一直誇獎人家很騷很色～沒辦法啊😳誰叫人家就是個小騷貨呢男友💚全臉無套插入❗️只有你可以無套喔...戴套都會有一層形狀～其實人家很不喜歡啦', '']",[20],[],2020/02/06
5123326,124,3409,0,14,"['http://qq.lxlipic.com/PIC/2020/14/0206/5e1b3e1bc0303baa7582c6fe.jpg', 'http://qq.lxlipic.com/PIC/2020/14/0206/5e1b3e1bc0303baa7582c6fem.jpg', 'http://qq.lxlipic.com']","['💚趁閨蜜不在偷情她男友💚全臉無套插入❗️只有你可以無套喔...戴套都會有一層形狀～其實人家很不喜歡啦', '']",[20],[],2020/02/06
5123325,432,2328,187244963,1,"['http://qq.lxlipic.com/PIC/2020/1/0207/n1429_bisyojo_01_yj/n1429_bisyojo_01_yj.jpg', 'http://qq.lxlipic.com/PIC/2020/1/0207/n1429_bisyojo_01_yj/n1429_bisyojo_01_yjm.jpg', 'http://qq.lxlipic.com/PIC/2020/1/0207/n1429_bisyojo_01_yj/n1429_bisyojo_01_yj.mp4.jpg']","[' 東熱激情 超絶美少女肉便器SEX part1', '\n東熱激情 超絶美少女肉便器SEX part1\n']",[],[],2020/02/07
5123324,90,898,135448443,1,"['http://qq.lxlipic.com/PIC/2020/1/0207/kin8-3178-1080p/kin8-3178-1080p.jpg', 'http://qq.lxlipic.com/PIC/2020/1/0207/kin8-3178-1080p/kin8-3178-1080pm.jpg', 'http://qq.lxlipic.com/PIC/2020/1/0207/kin8-3178-1080p/kin8-3178-1080p.mp4.jpg']","['奢侈官能大人時間 實現男性全部欲望的女人 LUXURIOUS Sofy&Via', '贅沢で官能的な大人の時間 男性の欲望を全て叶えてくれる女達 LUXURIOUS Sofy&Via']",[],[],2020/02/07
5123323,125,1193,333429460,1,"['http://qq.lxlipic.com/PIC/2020/1/0207/heyzo_hd_2147_full/heyzo_hd_2147_full.jpg', 'http://qq.lxlipic.com/PIC/2020/1/0207/heyzo_hd_2147_full/heyzo_hd_2147_fullm.jpg', 'http://qq.lxlipic.com/PIC/2020/1/0207/heyzo_hd_2147_full/heyzo_hd_2147_full.mp4.jpg']","['不能挪開視線！緊盯鏡頭幹不停 2 菊池久美子', '目線外しちゃダメ！カメラを見ながらハメハメVol.2 - 菊池くみこ ']",[],[],2020/02/07
5123322,61,749,102010358,1,"['http://qq.lxlipic.com/PIC/2020/1/0207/H4610-ki191214-480p/H4610-ki191214-480p.jpg', 'http://qq.lxlipic.com/PIC/2020/1/0207/H4610-ki191214-480p/H4610-ki191214-480pm.jpg', 'http://qq.lxlipic.com/PIC/2020/1/0207/H4610-ki191214-480p/H4610-ki191214-480p.mp4.jpg']","['自慰自拍特集', '自慰自拍特集']",[],[],2020/02/07
5123321,67,945,315684459,1,"['http://qq.lxlipic.com/PIC/2020/1/0207/121419_01-10mu-1080p/121419_01-10mu-1080p.jpg', 'http://qq.lxlipic.com/PIC/2020/1/0207/121419_01-10mu-1080p/121419_01-10mu-1080pm.jpg', 'http://qq.lxlipic.com/PIC/2020/1/0207/121419_01-10mu-1080p/121419_01-10mu-1080p.mp4.jpg']","['讓好色妹吞精  関口まさこ', 'エッチな娘にはごっくんさせろ 関口まさこ']",[],[],2020/02/07
5123320,199,1751,311577547,1,"['http://qq.lxlipic.com/PIC/2020/1/0207/121319-001-carib-1080p/121319-001-carib-1080p.jpg', 'http://qq.lxlipic.com/PIC/2020/1/0207/121319-001-carib-1080p/121319-001-carib-1080pm.jpg', 'http://qq.lxlipic.com/PIC/2020/1/0207/121319-001-carib-1080p/121319-001-carib-1080p.mp4.jpg']","['極上泡姫物語 Vol.72 小川桃果', '極上泡姫物語 Vol.72 小川桃果']",[],[],2020/02/07
5123319,166,2149,298039472,1,"['http://qq.lxlipic.com/PIC/2020/1/0207/121319_941-1pon-1080p/121319_941-1pon-1080p.jpg', 'http://qq.lxlipic.com/PIC/2020/1/0207/121319_941-1pon-1080p/121319_941-1pon-1080pm.jpg', 'http://qq.lxlipic.com/PIC/2020/1/0207/121319_941-1pon-1080p/121319_941-1pon-1080p.mp4.jpg']","['名模嚴選 佐伯チアキ', 'モデルコレクション 佐伯チアキ']",[],[],2020/02/07
5123318,84,807,150922819,1,"['http://qq.lxlipic.com/PIC/2020/1/0206/kb1597_kyoko_horii_ku/kb1597_kyoko_horii_ku.jpg', 'http://qq.lxlipic.com/PIC/2020/1/0206/kb1597_kyoko_horii_ku/kb1597_kyoko_horii_kum.jpg', 'http://qq.lxlipic.com/PIC/2020/1/0206/kb1597_kyoko_horii_ku/kb1597_kyoko_horii_ku.mp4.jpg']","['東京熱 木村番外編生挿入 -- 堀井今日子', '\nチーム木村番外編生挿入 -- 堀井今日子\n']",[],[],2020/02/06
5123317,232,1725,271808608,1,"['http://qq.lxlipic.com/PIC/2020/1/0206/heyzo_hd_2146_full/heyzo_hd_2146_full.jpg', 'http://qq.lxlipic.com/PIC/2020/1/0206/heyzo_hd_2146_full/heyzo_hd_2146_fullm.jpg', 'http://qq.lxlipic.com/PIC/2020/1/0206/heyzo_hd_2146_full/heyzo_hd_2146_full.mp4.jpg']","[' 巨乳痴女護士 - 牧瀬みさ ', ' 巨乳痴女ナースのスペシャルトリートメント - 牧瀬みさ ']",[],[],2020/02/06
5123316,50,891,317580680,1,"['http://qq.lxlipic.com/PIC/2020/1/0206/H4610-ki191212-720p/H4610-ki191212-720p.jpg', 'http://qq.lxlipic.com/PIC/2020/1/0206/H4610-ki191212-720p/H4610-ki191212-720pm.jpg', 'http://qq.lxlipic.com/PIC/2020/1/0206/H4610-ki191212-720p/H4610-ki191212-720p.mp4.jpg']","['人家還沒完夠 広野 鈴菜 26歳', '広野 鈴菜 26歳']",[],[],2020/02/06
5123315,160,2041,224447883,1,"['http://qq.lxlipic.com/PIC/2020/1/0206/H0930-ori1555-1080p/H0930-ori1555-1080p.jpg', 'http://qq.lxlipic.com/PIC/2020/1/0206/H0930-ori1555-1080p/H0930-ori1555-1080pm.jpg', 'http://qq.lxlipic.com/PIC/2020/1/0206/H0930-ori1555-1080p/H0930-ori1555-1080p.mp4.jpg']","['喜歡做愛爆乳妻 田辺 八絵 33歳', '田辺 八絵 33歳']",[],[],2020/02/06
5123314,81,937,98559136,1,"['http://qq.lxlipic.com/PIC/2020/1/0206/121219-001-carib-1080p/121219-001-carib-1080p.jpg', 'http://qq.lxlipic.com/PIC/2020/1/0206/121219-001-carib-1080p/121219-001-carib-1080pm.jpg', 'http://qq.lxlipic.com/PIC/2020/1/0206/121219-001-carib-1080p/121219-001-carib-1080p.mp4.jpg']","['美鮑図鑑 藤沢えみり', 'マンコ図鑑 藤沢えみり']",[],[],2020/02/06
5123313,304,4297,303788640,1,"['http://qq.lxlipic.com/PIC/2020/1/0206/121219_219-paco-1080p/121219_219-paco-1080p.jpg', 'http://qq.lxlipic.com/PIC/2020/1/0206/121219_219-paco-1080p/121219_219-paco-1080pm.jpg', 'http://qq.lxlipic.com/PIC/2020/1/0206/121219_219-paco-1080p/121219_219-paco-1080p.mp4.jpg']","['和水電工發生不倫的人妻 美原咲子', ' 修理業者とイケナイ関係に陥る人妻 美原咲子']",[],[],2020/02/06
5123312,179,2749,304971646,1,"['http://qq.lxlipic.com/PIC/2020/1/0206/121219_01-10mu-1080p/121219_01-10mu-1080p.jpg', 'http://qq.lxlipic.com/PIC/2020/1/0206/121219_01-10mu-1080p/121219_01-10mu-1080pm.jpg', 'http://qq.lxlipic.com/PIC/2020/1/0206/121219_01-10mu-1080p/121219_01-10mu-1080p.mp4.jpg']","['穿著護士裝幫你診察喔 佐伯ゆうり', 'ナースコスで診察しちゃうね 佐伯ゆうり']",[],[],2020/02/06
5123311,176,705,698209222,3,"['http://qq.lxlipic.com/PIC/2020/3/0207/ymdd00179/ymdd00179.jpg', 'http://qq.lxlipic.com/PIC/2020/3/0207/ymdd00179/ymdd00179m.jpg', 'http://qq.lxlipic.com/PIC/2020/3/0207/ymdd00179/ymdd00179.mp4.jpg']","['お前のカラダは犯罪だ！！息子がバカなのは学校の責任だから担任を呼び出して説教しようとした俺は… 篠崎かんな', 'お前のカラダは犯罪だ！！息子がバカなのは学校の責任だから担任を呼び出して説教しようとした俺は… 篠崎かんな']","[2, 4, 18, 79, 235]",[8102],2020/02/07
5123310,134,790,572017640,3,"['http://qq.lxlipic.com/PIC/2020/3/0207/xrw00803/xrw00803.jpg', 'http://qq.lxlipic.com/PIC/2020/3/0207/xrw00803/xrw00803m.jpg', 'http://qq.lxlipic.com/PIC/2020/3/0207/xrw00803/xrw00803.mp4.jpg']","['募集調教 変態敏感マゾハーフ女 桜アン', '募集調教 変態敏感マゾハーフ女 桜アン']","[4, 120]",[8281],2020/02/07
5123309,500,1752,838171733,3,"['http://qq.lxlipic.com/PIC/2020/3/0207/wanz00929/wanz00929.jpg', 'http://qq.lxlipic.com/PIC/2020/3/0207/wanz00929/wanz00929m.jpg', 'http://qq.lxlipic.com/PIC/2020/3/0207/wanz00929/wanz00929.mp4.jpg']","['女上司に仕組まれた相部屋デカ尻NTR もの凄い杭打ち騎乗位で朝まで中出しさせられた僕… 永井マリア', '女上司に仕組まれた相部屋デカ尻NTR もの凄い杭打ち騎乗位で朝まで中出しさせられた僕… 永井マリア']","[21, 43, 235, 249]",[8168],2020/02/07
5123308,280,1486,445334397,3,"['http://qq.lxlipic.com/PIC/2020/3/0207/vec00403/vec00403.jpg', 'http://qq.lxlipic.com/PIC/2020/3/0207/vec00403/vec00403m.jpg', 'http://qq.lxlipic.com/PIC/2020/3/0207/vec00403/vec00403.mp4.jpg']","['息子のクラスメイトに犯●れ続けてプライドを失った母親 岩沢香代', '息子のクラスメイトに犯●れ続けてプライドを失った母親 岩沢香代\n']","[2, 3, 4, 7]",[8280],2020/02/07
5123307,373,2231,594168808,3,"['http://qq.lxlipic.com/PIC/2020/3/0207/vdd00157/vdd00157.jpg', 'http://qq.lxlipic.com/PIC/2020/3/0207/vdd00157/vdd00157m.jpg', 'http://qq.lxlipic.com/PIC/2020/3/0207/vdd00157/vdd00157.mp4.jpg']","['秘書in...（脅迫スイートルーム） 凛音とうか', '秘書in...（脅迫スイートルーム） 凛音とうか']","[46, 173]",[7868],2020/02/07
5123306,127,906,1178844581,3,"['http://qq.lxlipic.com/PIC/2020/3/0207/umso00294/umso00294.jpg', 'http://qq.lxlipic.com/PIC/2020/3/0207/umso00294/umso00294m.jpg', 'http://qq.lxlipic.com/PIC/2020/3/0207/umso00294/umso00294.mp4.jpg']","['おばさん腰振りディルドオナニー 16人！4時間！', 'おばさん腰振りディルドオナニー 16人！4時間！\n']","[2, 3, 7, 114]",[],2020/02/07
5123305,188,902,1180101712,3,"['http://qq.lxlipic.com/PIC/2020/3/0207/supa00510/supa00510.jpg', 'http://qq.lxlipic.com/PIC/2020/3/0207/supa00510/supa00510m.jpg', 'http://qq.lxlipic.com/PIC/2020/3/0207/supa00510/supa00510.mp4.jpg']","['「お願い！中に出してください！」中出しを切に懇願するS級素人 40人240分', ' 【最新作】「お願い！中に出してください！」中出しを切に懇願するS級素人 40人240分']","[4, 20, 56]",[],2020/02/07
5123304,246,1461,572128762,3,"['http://qq.lxlipic.com/PIC/2020/3/0207/ssni00696/ssni00696.jpg', 'http://qq.lxlipic.com/PIC/2020/3/0207/ssni00696/ssni00696m.jpg', 'http://qq.lxlipic.com/PIC/2020/3/0207/ssni00696/ssni00696.mp4.jpg']","['日常に膨らむ着衣おっぱいのたわわな誘惑 真白真緒', '日常に膨らむ着衣おっぱいのたわわな誘惑 真白真緒']","[2, 54, 62]",[8127],2020/02/07
5123303,376,2058,600186697,3,"['http://qq.lxlipic.com/PIC/2020/3/0207/sprd01242/sprd01242.jpg', 'http://qq.lxlipic.com/PIC/2020/3/0207/sprd01242/sprd01242m.jpg', 'http://qq.lxlipic.com/PIC/2020/3/0207/sprd01242/sprd01242.mp4.jpg']","['代理出産の母 森下美緒', '代理出産の母 森下美緒\n']","[4, 7, 142, 152, 163]",[6361],2020/02/07
5123302,370,1665,578763792,3,"['http://qq.lxlipic.com/PIC/2020/3/0207/soav00061/soav00061.jpg', 'http://qq.lxlipic.com/PIC/2020/3/0207/soav00061/soav00061m.jpg', 'http://qq.lxlipic.com/PIC/2020/3/0207/soav00061/soav00061.mp4.jpg']","['人妻の浮気心 河北はるな', '人妻の浮気心 河北はるな']","[2, 3, 52, 73]",[6458],2020/02/07
5123301,149,906,1126984907,3,"['http://qq.lxlipic.com/PIC/2020/3/0207/sim00059/sim00059.jpg', 'http://qq.lxlipic.com/PIC/2020/3/0207/sim00059/sim00059m.jpg', 'http://qq.lxlipic.com/PIC/2020/3/0207/sim00059/sim00059.mp4.jpg']","['絶頂睡眠を与える極上無水ヘッドスパ中に眠りながらフル勃起したデカチンに 我慢できなくなった美人ヘッドマイスターが睡眠チ○ポで生中出し絶頂SEX…！？', '絶頂睡眠を与える極上無水ヘッドスパ中に眠りながらフル勃起したデカチンに 我慢できなくなった美人ヘッドマイスターが睡眠チ○ポで生中出し絶頂SEX…！？']","[4, 32, 62]",[],2020/02/07
5123300,76,754,1149761904,3,"['http://qq.lxlipic.com/PIC/2020/3/0207/sdjs00051/sdjs00051.jpg', 'http://qq.lxlipic.com/PIC/2020/3/0207/sdjs00051/sdjs00051m.jpg', 'http://qq.lxlipic.com/PIC/2020/3/0207/sdjs00051/sdjs00051.mp4.jpg']","['処女デビューのウブな女子社員が、SEXで最高に気持ちよくなるために30日間オナニーしまくった記録映像（SEXも3回してるよ） 浅井心晴（21）', '処女デビューのウブな女子社員が、SEXで最高に気持ちよくなるために30日間オナニーしまくった記録映像（SEXも3回してるよ） 浅井心晴（21）']","[12, 49, 162, 249]",[8279],2020/02/07
5123299,366,2801,549509245,3,"['http://qq.lxlipic.com/PIC/2020/3/0207/sdde00609/sdde00609.jpg', 'http://qq.lxlipic.com/PIC/2020/3/0207/sdde00609/sdde00609m.jpg', 'http://qq.lxlipic.com/PIC/2020/3/0207/sdde00609/sdde00609.mp4.jpg']","['今日から君は、セックス地球防衛軍 2169 宇宙戦艦で戦う強かっこいい女隊員たちとセックスをして地球を守れ！', '今日から君は、セックス地球防衛軍 2169 宇宙戦艦で戦う強かっこいい女隊員たちとセックスをして地球を守れ！']","[47, 122]","[8047, 8154]",2020/02/07
5123298,73,438,611673406,3,"['http://qq.lxlipic.com/PIC/2020/3/0207/scpx00383B/scpx00383B.jpg', 'http://qq.lxlipic.com/PIC/2020/3/0207/scpx00383B/scpx00383Bm.jpg', 'http://qq.lxlipic.com/PIC/2020/3/0207/scpx00383B/scpx00383B.mp4.jpg']","['予約半年待ちの超人気デリ嬢が潮でボクの部屋を浸水させたおわび本番が凄かった！', '予約半年待ちの超人気デリ嬢が潮でボクの部屋を浸水させたおわび本番が凄かった！']","[2, 4, 12, 94, 140]",[],2020/02/07
5123297,104,831,638463976,3,"['http://qq.lxlipic.com/PIC/2020/3/0207/scpx00383A/scpx00383A.jpg', 'http://qq.lxlipic.com/PIC/2020/3/0207/scpx00383A/scpx00383Am.jpg', 'http://qq.lxlipic.com/PIC/2020/3/0207/scpx00383A/scpx00383A.mp4.jpg']","['予約半年待ちの超人気デリ嬢が潮でボクの部屋を浸水させたおわび本番が凄かった！', '予約半年待ちの超人気デリ嬢が潮でボクの部屋を浸水させたおわび本番が凄かった！']","[2, 4, 12, 94, 140]",[],2020/02/07
5123296,137,889,590210296,3,"['http://qq.lxlipic.com/PIC/2020/3/0207/saba00593/saba00593.jpg', 'http://qq.lxlipic.com/PIC/2020/3/0207/saba00593/saba00593m.jpg', 'http://qq.lxlipic.com/PIC/2020/3/0207/saba00593/saba00593.mp4.jpg']","['就職活動最前線「内定ください…妊娠しても大丈夫です」搾取される若者達！パワハラ人事面接 板橋区在住N大学経済学部4年 富沢ゆきさん（仮名）', '就職活動最前線「内定ください…妊娠しても大丈夫です」搾取される若者達！パワハラ人事面接 板橋区在住N大学経済学部4年 富沢ゆきさん（仮名）']","[4, 6, 20, 65]",[],2020/02/07
5123295,130,1000,620086932,3,"['http://qq.lxlipic.com/PIC/2020/3/0207/rctd00303/rctd00303.jpg', 'http://qq.lxlipic.com/PIC/2020/3/0207/rctd00303/rctd00303m.jpg', 'http://qq.lxlipic.com/PIC/2020/3/0207/rctd00303/rctd00303.mp4.jpg']","['男女入れ替え結界シール～女が青で男が赤～', '男女入れ替え結界シール～女が青で男が赤～\n']","[27, 46]","[7852, 8016]",2020/02/07
5123294,231,1747,1150490418,3,"['http://qq.lxlipic.com/PIC/2020/3/0207/oyc00302/oyc00302.jpg', 'http://qq.lxlipic.com/PIC/2020/3/0207/oyc00302/oyc00302m.jpg', 'http://qq.lxlipic.com/PIC/2020/3/0207/oyc00302/oyc00302.mp4.jpg']","['家出少女媚薬漬け1泊2日輪●', '家出少女媚薬漬け1泊2日輪●']","[40, 85, 86, 120]",[],2020/02/07
